pair_id	han_sentence	viet_sentence
HVB_001_0000	安南志畧卷一	An Nam Chí Lược Quyển Đệ Nhất Năm KiếnAn thứ HiếnĐế dời chỗ cai trị qua quận NamHải
HVB_001_0001	古南交周号越裳秦名象郡秦末南海尉赵佗击并之自立国僭号西汉初髙帝封为南越王歴数世其相吕嘉叛杀其王及汉使者孝武遣伏波将军路博德平南越灭其国置九郡设官守任今安南居九郡之内曰交址九真日南是也后歴朝沿革郡县不一五季间爱州人吴权领交址后丁黎李陈相继篡夺宋因封王爵官制刑政稍效中州其郡邑或仍或革姑槩存之	NamGiao đời xưa nhà Chu gọi là ViệtThường nhà Tần gọi là TượngQuận nhà Hán đặt làm ba quận GiaoChâu CửuChân và NhậtNam Nhà Đường lại cải GiaoChâu làm Annam phủ quận Cửu
HVB_001_0002	大罗城路古交址汉仍之唐置安南都府其城在泸江西岸唐张伯义始筑张舟髙骈继增修之真宗时李公藴在此建国陈继李以其属増龙兴天长长安	ĐạiLa ThànhLộ xưa là nước GiaoChỉ đời nhà Hán để như cũ nhà Đường đặt làm Annam đôhộphủ thành phủ ở tại phía tây bờ sông LưGiang TrươngBáNghi đời Đường bắt đầu xây thành
HVB_001_0003	龙兴府旧多冈乡陈祖微时夜过溪桥既渡四顾桥不见矣未几陈氏有国人号其水曰龙溪改多冈为龙兴	LongHưngPhủ tên cũ là ĐaCươngHương Tổtiên họ Trần lúc còn hànvi ban đêm đi qua một cái cầu khe khi qua rồi ngoảnh lại không thấy cầu nữa Chẳng bao lâu họ Trần được nước người
HVB_001_0004	古州名峯州吴曰新昌长州武峩州唐林州	Các Huyện VõNinh Huyện VạnTải Huyện KhâuÔn Huyện TânLập Huyện Hoảng Huyện Chỉ Huyện Lịch
HVB_001_0005	县武宁县万载县丘温县新立县恍县纸县歴县阑桥县追延县古勇县供县窟县上坡县门县	Huyện LanKiều Huyện TruyDiên Huyện CổDũng Huyện Cung Huyện Quẫn Huyện Nguyênsử chép là Quật ThượngPha Huyện Môn Huyện
HVB_001_0006	古县名龙编西汉交州刺史所治旧名龙源后有蛟龙盘编于木改曰龙编羸羸音莲音篓朱鸢汉县唐改鸢州置髙凌安定县麊泠曲昜昜古阳字茍屚屚与漏同安顺唐顺州崇平唐安平海平唐宁海古都安定	ChuDiên Huyện của đời Hán đời Đường cải làm DiênChâu đặt ra hai huyện CaoLăng và An LiênLâu Âm chữ trên là liên âm chữ dưới là lâu Thời Hán là tri sở của thứsử GiaoChâu
HVB_001_0007	梁江波笼江荼江贡江采舎江安暹场文场古藤甲支明甲古弘甲古战甲縁甲典臾甲结帨甲	Lươnggiang Balunggiang Tràgiang Cốnggiang Tháixagiang Antiêmtrường Văntrường Cổđằnggiáp Chiminhgiáp Cổhoằnggiáp Cổchiếngiáp Duyêngiáp Điềnsửgiáp Kiếtthuếgiáp
HVB_001_0008	布政府路本西汉日南郡象林县汉末邑人杀令自立国曰林邑唐元和初复隶安南府今名布政地山林重复栁子厚诗林邑东南山似闍黎江接占城界山	Nguyên là huyện TượngLâm quận NhậtNam đời TâyHán Cuối đời nhà Hán có người trong ấp giết huyện lệnh tự lập thành nước gọi là Lâmấp
HVB_001_0009	仙游山有盘石隠然有枰纹昔传仙奕于此樵女野合其上石覆且裂	Núi TiênDu có hòn đá bànthạch dợn có đường gạch như bàn cờ tương truyền rằng xưa có tiên đánh cờ vây ở đó Bọn con gái đi hái củi thường đến giaohợp ở trên đá bàn cờ nên hòn đá ấy đổ
HVB_001_0010	地觐山尤险峻有古松俗传龙蟠其上陈太王建行宫于此	Núi ĐịaCận Núi ấy rất cao và hiểm trở có cây tùng đã lâu đời tục truyền có rồng khoanh ở trên cây ấy TrầnTháiVương có làm hànhcung tại đó
HVB_001_0011	安获山出碑砚石旧志载豫章太守范甯遣使九真采石磬为学中用	Núi AnHoạch Sảnxuất đá làm bia làm đỉa nghiên Sách cũ có chép DựChương TháiThú PhạmNịnh sai sứ tới quận CửuChân lấy đá làm khánh để dùng ở trong trường học
HVB_001_0012	东山临支明江髙且秀山洞上有窍登而逺望水天一色真嘉景也崱父中年休官自号思惟居士常隠其中	Núi ĐôngSơn Chạy tới sông ChiMinh đã cao lại tốt trên núi có hang trèo lên mà trông sắc nước in trời thật là một cảnh rất đẹp Phụthân tôi LêTắc thời trungniên thôi làm quan tự hiệu là
HVB_001_0013	驱傩山髙旷多山鬼每出焚舍有僧名奉符日夜诵大悲呪鬼畏逺避免其害山多杂果人至任啖之挟归者则迷其归路	Núi KhuNa Cao rộng nhiều ma những con ma nầy mỗi khi ra khỏi núi lại đốt nhà của người ta Nhân có nhà sư tên là PhụngPhù cứ ngày đêm đọc bài chú đạibi ma sợ tránh đi xa người ta mới
HVB_001_0014	立石山孤石特起昔传有神人擎巨石为爱演二州界	Núi LậpThạch Là một hòn đá đứng sững vậy Tương truyền rằng thuở xưa có ông thần dựng một hòn đá to lớn để vạch địa hạt ÁiChâu và DiễnChâu
HVB_001_0015	金牛山古载石赤色其中有金夜光如萤	tục truyền rằng cây cỏ ở trên núi ấy cũng chia hai bên ngã về Nam bên ngã về Bắc Núi KimNgưu Sách xưa chép đá núi ấy đều sắc đỏ trong đá có chất vàng đêm lại thì sáng
HVB_001_0016	古载淹水泸渝水漏水西随水自越巂东南流至交址龙门扬雄曰交址荒裔水与天际	Sách xưa chép các con sông như YêmThuỷ LôDuThuỷ LậuThuỷ TâyTuỳThuỷ đều từ Đông nam đất TuấnViệt chảy đến LongMôn đất GiaoChỉ
HVB_001_0017	龙门水古载交址封溪县有龙门水深百寻大鱼登此化为龙不得则暴腮点额	LongMônThuỷ Sách xưa chép huyện PhongKhê quận GiaoChỉ có LongMônThuỷ nước sâu trăm tầm cá con nào lớn vượt lên suối ấy được thì hóa rồng nếu lên không được thì bị thương nơi
HVB_001_0018	冲天庙在扶董乡境内乱忽见一人有威德民皆归之遂领衆平其乱已而腾空去号为冲天王民乃立祠祀之	XungThiênMiếu Tại làng PhùĐổng hồi xưa trong nước rối loạn chợt thấy một người có uy có đức dân đều về theo người ấy bèn cầm quân dẹp loạn rồi bay lên trời đi mất hiệu là XungThiên
HVB_001_0019	古州佛春骤雨山之巨木流至州津回旋不去民异而观之内有石类佛民祷神验即雕木为佛遇旱祈雨辄应故曰法云法雨	CổChâuPhật trong mùa xuân mưa như xối lụt to ở núi chảy xuống TrungChâu chảy quanh tại một chỗ dân thấy lạ ra coi trong nước có hòn đá giống như ông Phật dân tới cầu đảo có thần
HVB_001_0020	报天寺塔昔李圣王攻占城得能造者令甃十三层号天资万寿塔铜铸塔顶曰忉利天为雷击去莫知堕处后田夫得之复立雷又击去	BáoThiênTựTháp Xưa LýThánhVương đánh ChiêmThành được người thợ giỏi bảo xây một ngôi tháp cao mười ba tầng đặt là ThiênTưVạnThọThấp lại lấy đồng đúc cái biểnngạch gọi là
HVB_001_0021	金牌州有老父宅江濵其子得一卵归父畜之乃生一蛇尤加爱养后蛇大入水夜常馈鱼庭中老父殁遇祭时蛇来盘结庭下而去后江边聚沙成洲子孙得利人谓蛇报德云	KimBàiChâu Có một ông già ở bên sông người con đi ra bắt được một cái trứng đem về Ông già nuôi cái trứng ấy nở ra một con rắn lại càng yêu chuộng nuôi nấng sau con rắn lớn lên rồi
HVB_001_0022	宋宁宗开禧间朝请郎直宝章阁致仕赐諡文宪张洽纂歴朝郡县地理书三十卷唐安南大都府元隶州郡后更革不一姑録以备参考	tên Thuỵ là VănHiến nguyên làm chức TriềuThỉnhLang trực BữuChươngCác có soạn bộ sách Lịch Đạiquậnhuyệnđịalýthư quyển có chép các châu quận nguyên thuộc Annam đôhộ phủ đời
HVB_001_0023	占城立国于海濵中国商舟泛海往来谓畨者皆聚于此以积新水为南方第一马头占腊王琴蒲茄道览渌淮	Nước ChiêmThành Lập quốc tại mé biển thương thuyền TrungQuốc vượt bể đi qua các nước phiênphục thường tập trung tại đấy để chứa củi và nước là bến tàu lớn nhất tại phía Nam
HVB_001_0024	安南志畧卷二元	Đây là LưuTống đời NamBắc triều An Nam Chí Lược Quyển Đệ Nhị
HVB_001_0025	大元诏制中统	CổÁi ĐôngSơn LêTắc Biên ĐạiNguyên ChiếuChế
HVB_001_0026	元綂三年诏	An Nam Chí Lược Quyển Đệ Nhị Lời Chiếu năm NguyênThống thứ
HVB_001_0027	安南志畧卷二卷三	LýLongHàn tức LýCaoTông An Nam Chí Lược Quyển Đệ Nhị
HVB_001_0028	安南志畧卷三	An Nam Chí Lược Quyển Đệ Tam A n N a m C h í L ư ợc
HVB_001_0029	丁巳年安南始臣附天朝世祖皇帝即以庚申嵗建元为中綂元年安南国王陈　遣使上表称贺贡方物明年诏封陈　为安南国王遣礼部郎中孟甲礼部员外郎李文俊充安南宣谕使	tức nhà Nguyên lên làm vua lấy năm Canhthân làm năm đầu hiệu TrungThống vua Annam là TrầnNhậtCảnh sai sứ dâng biểu chúc hạ và cống các phẩmvật
HVB_001_0030	至元三十一年正月上崩成宗皇帝即位诏罢兵遣礼部侍郎李思衍兵部侍郎萧泰登使安南赍诏赦世子罪放来使陶子竒还国	Tháng giêng năm ChíNguyên thứ vua ThếTổ băng ThànhTông Hoàngđế nối ngôi ra lời chiếu chỉ bãi binh khiến LễBộ ThịLang LýHàn BinhBộ ThịLang TiếuTháiĐăng sang sứ Annam
HVB_001_0031	附萧方崖使交録序	Phụ TiêuPhươngNhai Sứ Giao Lục Tự Bài Tựa Của TiêuPhươngNhai Đi Sứ GiaoChâu
HVB_001_0032	至大四年遣礼部尚书奈曼岱吏部侍郎尼古巴兵部郎中杜与可奉使安南宣仁宗皇帝即位诏皇庆初元世子陈　遣使贡贺	Năm ChíĐại nguyênniên vua VũTông nhà Nguyên sai LễBộ Thượngthư AnLỗOai LạiBộ ThịLang LýKinh BinhBộ ThịLang CaoPhụcLễ sang sứ Annam để tuyên lời chiếu dụ tức vị của
HVB_001_0033	至治元年遣吏部尚书教化礼部郎中文矩使安南宣英宗皇帝即位诏明年世子陈　　遣使贡贺	Năm đầu hiệu ChíTrị vua AnhTông sai LạiBộ Thượngthư GiáoHoá LễBộ LangTrung VănCủ qua sứ Annam để tuyên đọc chiếu văn tức vị của AnhTông Hoàngđế Qua năm sau
HVB_001_0034	泰定元年遣吏部尚书玛哈穆特礼部郎中杨宗瑞使安南宣诏	Năm đầu hiệu TháiĐịnh sai LạiBộ Thượngthư MãHiệpMưu LễBộ LangTrung Dương TôngThụy đi sứ Annam tuyên lời chiếu
HVB_001_0035	至顺三年遣吏部尚书森济乌克礼部郎中赵期熈使安南宣文宗皇帝即位诏明年陈　遣使贡贺	Năm ChíThuận thứ vua VănTông sai LạiBộ Thượngthư SátChỉNgỏa LễBộ Lang Trung TriệuKỳHy đi sứ Annam tuyên đọc chiếuvăn tứcvị của VănTông Hoàngđế Qua năm sau
HVB_001_0036	元统三年遣吏部尚书特珠礼部郎中智熈善使安南宣今上皇帝即位诏明年陈　　遣使贡贺	Năm NguyênThống thứ vua Thuậnđế sai sứ là LạiBộ Thượngthư ThiếtTrụ LễBộ LangTrung TríHyThiện sang sứ Annam tuyên đọc lời chiếuvăn tức vị của KimThượng Hoàngđế Qua
HVB_001_0037	前朝奉使汉使	SứThần các TriềuĐại trước HánSứ Các SứThần nhà Hán
HVB_001_0038	陆贾楚人也以客从汉髙祖定天下名为辩士常使诸侯时中国初定赵佗据南越髙帝使贾赐佗印为南越王贾至佗魋结音权髻箕踞见贾贾曰足下中国人昆弟坟墓在真定今足下反天性弃冠带欲以区区之越与天子抗衡为敌国祸且及身天子闻君王南越不助天子诛暴逆将相欲移兵而诛王天子怜百姓新定劳苦且休之遣臣授王印绶部符通使王宜郊迎北望称臣乃以新造未集之越强比于汉试问之掘烧王先人冢夷灭宗族使一偏将将十万衆临越则杀王降汉如覆手耳于是佗乃蹶然起坐谢曰居蛮夷中久疎礼义乃大悦陆生留与饮数日赐贾槖中装值千金贾卒拜佗为南越王令称臣奉汉约归报髙祖大悦拜贾大中大夫髙后时禁南越闗市铁器佗乃僭号为帝文帝复遣贾往使让之佗恐称臣奉贡职皆如意	biệnsĩ thường đi sứ các nước chưhầu Khi nhà Hán mới thốngnhất TrungQuốc thì TriệuĐà hùng cứ nước NamViệt Hán CaoTổ khiến Giả đem cho TriệuĐà một cái ấn để làm vua nước NamViệt Giả đến
HVB_001_0039	严助孝武时人建元四年闽越击南越边邑南越王胡上书曰两粤俱为藩臣毋擅兴兵相攻击今东粤擅兴兵侵臣臣不敢兴兵惟天子诏之于是帝命王恢等率师讨闽越师还帝遣严助谕南越王胡感德遣子婴齐入质	đoạt Vua HiếuVõ sai bọn VươngKhôi xuất quân qua đánh MânViệt rồi trở về Vua lại sai TrangTrợ dụ vua NamViệt là Hồ Hồ cảm ơn vua Hán khiến con là AnhTể vào làm con tin
HVB_001_0040	摎乐南越太后弟也帝命副韩千秋将兵临越吕嘉攻杀之帝封其子广德为龒侯晋使	Em bà TháiHậu nước NamViệt VõĐế sai làm phótướng cho HànThiênThu đem quân qua Việt bị LữGia đánh giết vua phong cho người con là QuảngĐức làm LongHầu
HVB_001_0041	石崇晋武帝时以	TốngSứ SứThần đời nhà Tống Năm KhaiBữu thứ của Tống TháiTổ ThốngSoái GiaoChỉ là ĐinhLiễn sai sứthần sang
HVB_001_0042	髙保绪宋太祖开宝八年交址帅丁琏遣贡诏封琏爵保绪以鸿胪卿偕王彦符为官告使	Năm TháiBình HưngQuốc thứ của TốngTháiTông Tập đương giữ chức CungPhụng Quan đi sứ GiaoChỉ
HVB_001_0043	卢袭太宗太平兴国五年袭以供奉官使交址张宗权太平兴国五年交址黎桓簒丁氏权以供奉官往使谕之	Trong năm TháiBình HưngQuốc thứ LêHoàn người GiaoChỉ cướp ngôi của vua nhà Đinh TrươngTôngQuyền đương làm CungPhụngQuan đi sứ qua GiaoChỉ để tuyên lời dụ
HVB_001_0044	宋镐淳化元年以左正言直史馆偕右正言直史馆王世则充官告使	Trong năm ĐoanCủng nguyên niên phong tước cho LêHoàn Tường làm chức Ngu Bộ ViênNgoạiLang cùng LýĐộ làm chức TrựcSửQuán sung chức Quancáosứ đi qua NamViệt
HVB_001_0045	李建中至道初交址犯边太宗命广西转运使陈尧叟赐黎桓诏书乃遣康尉李建中赍诏往谕	Tông sai QuảngTây ChuyểnVậnSứ là TrầnNghiêuTẩu đem tờ chiếuthư ban cho LêHoàn và khiến HảiKhangUý là LýKiếnTrung đem tờ chiếu cùng đi qua dụ GiaoChỉ
HVB_001_0046	章频宋广西转运使也天圣六年交址郡王李公藴薨仁宗命频为吊祭使	Chuyểnvận sứ tỉnh QuảngTây Trong năm ThiênThánh thứ GiaoChỉ quậnvương Lý CôngUẩn mất NhânTông sai ChươngTần làm điềutếsứ qua GiaoChỉ
HVB_001_0047	刘丙景定间为武节郎东南第十二上将静海驻扎时安南陈王遣贡理宗回赐礼物并奬谕诏即命广西经畧使赐之因遣丙赍诏入安南谕	Trong niênhiệu CảnhĐịnh làm quan VõTiếtLangĐôngNam đệthập nhị chánh tướng Tịnhhải trútrát Lúc ấy vua Annam nhà Trần khiến sứ cống hiến nên vua LýTông ban những
HVB_001_0048	钦定四库全书	AnNam ChíLược Quyển Đệ Tam Chung An Nam Chí Lược Quyển Đệ Tứ
HVB_001_0049	秦始皇三十三年发诸道逋赘壻贾人为兵使尉屠雎将楼船之士使监禄凿渠运粮深入越地畧取陆梁为桂林南海象郡以谪迁五十万人戍岭秦末南海尉赵佗击并之自立为王汉髙祖因封佗为安南越王时髙后禁南越闗市铁器佗乃僭称帝发兵攻长沙边邑将军隆虑侯击之暑润士卒大疫兵不能逾岭嵗馀髙后崩即罢兵孝武建元四年闽击南越王故守天子约不敢擅发兵而上书帝遣王伟韩安国讨闽越胡感德遣子婴齐入质婴齐立薨子兴立其相吕嘉作乱帝遣韩千秋将二千人入越境嘉反攻杀其王并汉使者而立建德元鼎五年以衞尉路博德为伏波将军出桂阳下湟水主爵都尉杨仆为楼船将军出豫章下横浦越人归义侯为戈船下濑将军出零陵下离水抵苍梧越人驰义侯因巴蜀罪人发夜郎兵下牂牁江十万师分道而进六年楼船将军精兵先陷寻陿破石门得越船粟路博德俱进至畨禺建德嘉皆城守汉兵攻败粤人纵火烧城日暮伏波乃为营使招降者赐印绶复纵令相招迟旦城中皆降吕嘉建德以夜与其属数百人亡入海伏波遣将追擒之戈船下濑夜郎兵未下南粤已平遂以其地为九郡交州记曰是时越自金三侯牵牛酒千锺将交址九真日南三郡户籍延降路博德因拜三省为三郡守雒王雒将治民如故	nhà Hán sai con là AnhTề vào hầu vua AnhTề mất con là Hưng kế lập Tướng Việt là LữGia làm phản VũĐế sai HànThiênThu đem người tới đất Việt Gia nổi lên đánh giết vua cùng sứgiả nhà
HVB_001_0050	宋文帝元嘉二十三年林邑王范阳迈反交州刺史檀和之与将军宗慤击之阳迈走象浦举衆乗象以拒宗慤宗慤为狮子威服百兽乃制其形与象相遇果惊奔贼溃乱遂克林邑获其珍宝	Năm NguyênGia thứ của TốngVănĐế vua LâmẤp là PhạmDươngMại làm phản quan ThứSử GiaoChâu là ĐànHoàChi cùng tướng quân TôngXác đem quân tới đánh thành KhuTúc
HVB_001_0051	安南志畧卷四卷五	An Nam Chí Lược Quyển Đệ Tứ Năm TháiBình HưngQuốc thứ của TốngTháiTông ĐinhLiễn ở GiaoChâu mất em là
HVB_001_0052	钦定四库全书	AnNam ChíLược Quyển Đệ Tứ Chung An Nam Chí Lược Quyển Đệ Ngũ
HVB_001_0053	钦定四库全书	AnNam ChíLược Quyển Đệ Ngũ Chung An Nam Chí Lược Quyển Đệ Lục
HVB_001_0054	黎崱　撰表章	Biểu Chương Các Bài Biểu
HVB_001_0055	至元三十一年内附安南王陈益稷表贺元旦节	Năm ChíNguyên thứ nộiphụ Annam vương là TrầnÍchTắc dâng biểu chúc hạ nhân dịp Tết NguyênĐán
HVB_001_0056	至元三十一年安南王陈益稷表贺成宗皇帝即位	Năm ChíNguyên thứ Annam QuốcVương TrầnÍchTắc dâng lời biểu hạ nhân dịp ThànhTông Hoàngđế lên ngôi
HVB_001_0057	大德十五年夏五月武宗皇帝即位安南王陈益稷表贺	Trông trời gang thước lễ hạ bái nguyền theo dõi TềHầu Tháng năm mùa hạ năm ĐạiĐức thứ VõTông HoàngĐế lên ngôi Annamvương
HVB_001_0058	至大四年春三月仁宗皇帝即位安南国王陈益稷表贺	Tháng mùa Xuân năm ChíĐại thứ NhânTông Hoàngđế lên ngôi Annam vương TrầnÍchTắc dâng biểu chúc hạ
HVB_001_0059	延佑七年三月英宗皇帝即位安南国王臣陈益稷表贺	Tháng năm DiênHựu thứ AnhTông Hoàngđế lên ngôi Annamvương TrầnÍchTắc dâng lời biểu hạ như sau
HVB_001_0060	前代书表	Tiền Đại Thư Biểu Thư và Biểu của đời trước
HVB_001_0061	宋太平兴国五年交址丁琏薨弟璇立大校黎桓篡之太宗举兵伐桓桓诈代璇上表	Năm TháiBình HưngQuốc thứ GiaoChỉ ĐinhLiễn con ĐinhBộLĩnh mất em là ĐinhTriền lên làm vua quan ĐạiHiệu là LêHoàn cướp ngôi vua TốngTháiTông cử
HVB_001_0062	安南志畧卷七	AnNam ChíLược Quyển Đệ Lục Chung An Nam Chí Lược Quyển Đệ Thất
HVB_001_0063	汉交州九真日南刺史太守附三国时刺守邓勲南阳人后汉西华晨祖父为交州牧益居昌居翁子也汉五凤五年交州刺史邓让不知何许人按光武纪王莽末交址诸郡闭境自守岑彭素与交址牧邓让厚善与让书陈国家威德于是让率诸郡太守遣使奉贡悉封列侯	Người NamDương ông nội của TâyHoaHầu ĐặngThần đời HậuHán làm chức ChâuMục ở Con của CưÔng trong năm NgũPhụng thứ làm Thứsử quận GiaoChâu
HVB_001_0064	李善字次孙南阳人为汉太子舍人显宗时守日南以惠爱为政怀来异俗迁九真太守	An Nam Chí Lược Quyển Đệ Thất Tự là ThứTôn người đất NamDương làm chức TháiTử XáNhân của nhà Hán Trong thời vua
HVB_001_0065	张恢显宗时守交址坐赃伏法以资物簿入司农诏颁羣臣	Trong triều vua HiểnTông làm TháiThú GiaoChỉ vì ăn hốilộ bị tội của bị tịch thu vào kho Vua nhà Hán ra lời chiếu lấy của ấy ban cho các quan
HVB_001_0066	胡贡广父也为交址都尉樊演顺帝永和二年为交州刺史日南象林贼蛮区怜反演发兵击之	Cha của HồQuảng làm chức ĐôUý quận GiaoChỉ Trong năm VĩnhHoà thứ của ThuậnĐế làm chức ThứSử quận GiaoChỉ Giặc mọi Khu
HVB_001_0067	頼恭零陵人刘表遣为交州刺史仁谨不习世故为苍梧太守吴巨所逐刘先主用为太常	Người LinhLăng được LưuBiểu sai làm ThứSử quận GiaoChâu tính người nhântừ cẩnthận không thạo việc đời bị TháiThú quận ThươngNgô là NgôCự đuổi đi LưuTiênChúa LưuBị dùng làm
HVB_001_0068	綦母团稽人刘表遣为交州刺史朱治字君理丹阳人建安七年孙权表治为扶义将军九真太守时平夷越	Tự là QuânLý người ĐanDương Trong năm KiếnAn thứ TônQuyền dâng biểu cử Trị làm PhòNghĩa TướngQuân giữ chức TháiThú quận CửuChân đánh yên quân mọi và Việt
HVB_001_0069	士徽燮子也燮卒自领交址太守权遣陈时代徽为太守徽拒之后为吕岱所斩	Con của SĩNhiếp Sau khi SĩNhếp mất Huy tự lãnh chức TháiThú quận GiaoChỉ sau bị LữĐại Thay SĩNhiếp tới làm TháiThú bị con của Nhiếp là Huy cự tuyệt
HVB_001_0070	陈袭临淮人永安七年为交州牧值孙諝虐政后复分海东四郡为广州以熊牧为刺史海南三郡为交州以袭为刺史移治龙编	Tự là ĐịnhCông người QuảngLăng Trong năm HoàngVõ thứ nhà Ngô làm ThứSử GiaoChâu Khi trước SĩHuy ở GiaoChỉ nghịch mệnh Đại đốc quân vượt biển qua đánh Huy sợ suất cả
HVB_001_0071	修则湛父也吴交州都督晋交址牧杨稷斩之刘俊吴交州刺史为毛炅所杀	GiaoChỉ bắt giết các tướng do nhà Tấn phái sang nhân đó quận CửuChân quận NhậtNam lại thuộc về Ngô Nhân thànhcông đó Phiếm được thăng chức ThứSử GiaoChâu được phong tước là DưDiêu
HVB_001_0072	爨宗蜀命领交州事或云晋交州刺史毛炅蜀交址太守或云晋将军	Tự là PhụngTiên người QuếDương theo nhà Ngô làm quan TháiThú quận CửuChân Làm quan ThứSử quận GiaoChâu nhà Ngô
HVB_001_0073	安南志畧卷七卷八	DươngTắc chém An Nam Chí Lược Quyển Đệ Thất
HVB_001_0074	安南志畧卷八	An Nam Chí Lược Quyển Đệ Bát A n N a m C h í L ư ợc
HVB_001_0075	孟干随毛炅自蜀出交址为吴所擒后归晋陈伐吴之计晋武帝以为日南太守	trước LữHưng giết TônTư đem quận ấy thuộc về nhà Tấn Tấn VõĐế phong Hưng làm TháiThú quận GiaoChỉ Về sau Hưng bị LýThống giết vua lại khiến SoánCốc và MãDung ở đất BaTây
HVB_001_0076	张应唐安南经畧卒于官其佐李元度以兵胁州县为安南经畧	Làm chức TrầnĐông Đạitướngquân nhà Tấn đốc suất quânsự châu là Giang Hoài Kinh Tương Giao Quảng
HVB_001_0077	元楚客江陵人开元初迁安南都同杨思朂平蛮渠梅叔鸾之叛	thứ TrươngLiễn làm Thứsử GiaoChỉ cứ đất NhưCụ làm phản tiến công QuảngChâu bị TăngKhối đánh tan VươngHúc chép rằng Liễn làm ThứSử GiaoChâu được phong Cao hầu đi đường
HVB_001_0078	唐安南都督经畧使交爱驩三郡刺史李大亮贞观初为交州都督	Làm ThứSử GiaoChâu đời nhà Tống Trong năm hiệu NguyênGia đi đánh nước LâmẤp Vua LâmẤp là PhạmDươngMại xuất ngoại trong khi ấy có viên tướng của DiChi là Nguyễn
HVB_001_0079	陈霸先字兴国吴兴人意气雄杰涉猎经史以广州军为交州司马与杨讨李贲西江集诸将问计霸先曰奉命伐罪宜捐死生以赴之岂事逗挠不进长寇惑衆乎推霸先为先锋所向摧陷以功授髙要太守督七郡诸军事	Tự là HưngQuốc người NgôHưng chíkhí hùng kiệt đọc hết kinh sử nhơn làm Thamquân ở QuảngChâu thăng lên chức TưMã GiaoChâu hợp với DươngPhiêu đánh LýBí Phiêu tập hợp các
HVB_001_0080	简文帝大宝初为交州刺史后即帝位欧阳纥陈大建初督交广领十九州军事十馀年威著百越髙宗疑之诏徴还朝纥惧遂反	năm ĐạiBửu vua GiảnVănĐế nhà Lương làm ThứSử GiaoChâu sau lên làm Hoàngđế Trong năm đầu TháiKiến vua TuyênĐế nhà Trần làm chức ĐôĐốc quản lãnh quânsự
HVB_001_0081	阮研宋交州刺史善草书	AnNam ChíLược Quyển Đệ Bát Chung An Nam Chí Lược Quyển Đệ Cửu
HVB_001_0082	李象古唐宗室为安南都贪纵不法黄家洞反象古授驩州刺史杨清兵三千助讨清还袭杀象古桂仲武唐都平杨清乱	Làm Annam KinhLượcSứ đời nhà Đường Thời ấy có người phản thần của HoànVương tức ChiêmThành là LýLạcSơn toan mưu cướp ngôi đến xin quân viện HànhLập bắt chém LạcSơn trả
HVB_001_0083	马植字存之文宗开威初为安南都其政清静不烦民安之化诸南蛮皆来纳欵	Tự TônChi đầu niên hiệu KhaiThành đời vua VănTông làm Annam đôhộ lấy vănnhã traudồi làm việc quan thanh tịnh chẳng phiền dân được yên ổn các tù trưởng đều nạp lễ qui thuận
HVB_001_0084	胡刚汉太傅广四世祖清髙有节王莽居摄解衣冠挂府门而去亡命交趾隠于屠肆莽败乃归郷里	Ông tổ bốn đời của TháiPhó nhà Hán là HồQuảng Làm người thanh cao có khítiết gặp lúc VươngMãng soán ngôi treo mão ở cửa phủ mà đi lưu lạc ở GiaoChỉ ẩn mình làm hàng thịt Đến ngày
HVB_001_0085	刘巴字子初零陵人刘表辟几次不就曹公辟为掾使招纳零陵桂阳长沙先主畧有三郡不复返遂适交址与士燮计谋不合又入蜀诸葛称之因为尚书清俭恭黙先主称号命皆巴所作	Tự là TửSơ người quận LinhLăng LưuBiểu mấy lần mời ra làm quan chẳng chịu đến Tào Công vời làm DuyệnLại sai đi chiêu hàng mấy quận LinhLăng QuếDương TrườngSa Gặp lúc Tiên
HVB_001_0086	顾谭字子黙呉相雍之孙也为尚书以上书疏鲁王覇由是覇与谭有隙又卫将军全宗子寄为覇賔友素轻邪谭所不纳遂坐徙交址	Tự là TửMạc cháu nội của CốUng tướng nước Ngô Đàm làm ThượngThư vì dâng sớ nói việc LỗVươngBá từ ấy Bá với Đàm hiềm nhau Lại nhân con của VệTướngquân ToànTông là ToànKý
HVB_001_0087	张休字子猷为侍中掾威将军与顾谭顾承以芍陂论事诈伪坐徙交州竟为孙洪所譛诏赐死	Tự là TửDo làm ThịTrung DươngOai Tướngquân cùng với CốĐàm CốThừa bị Tuấn Pha luận công sự gian dối phải đày qua GiaoChâu sau bị TônHồng gièm pha vua xuống chiếu bắt phải tự
HVB_001_0088	王福畤勃父也髙宗时为雍州司户参军坐勃事迁交址令勃往交址省父渡溺水卒	Cha của VươngBột thời CaoTông làm UngChâu TưHộ ThamQuân Vì việc của VươngBột bị đổi qua làm GiaoChỉLệnh VươngBột qua GiaoChỉ thăm cha bị đắm thuyền chết
HVB_001_0089	李友益义府族也附杜正伦同摭义府衅义府使人告正伦友益交通罔上有异计髙宗恶之流驩州	Người đồng tộc với LýNghĩaPhủ theo ĐỗChínhLuân cùng nhau kể tội LýNghĩaPhủ Sau NghĩaPhủ khiến người đầu cáo ChínhLuân làm phản cùng LýHữu giao thông để dối vua có mưu toan
HVB_001_0090	裴夷直字礼卿为中书舎人武宗即位夷直视册牒不肯佥书出为杭州刺史又斥驩州司户参军宣宗时召为常侍	Tự là Lễ làm TrungThư XáNhơn Khi VũTông lên ngôi DiTrực xem sách điệp chẳng chịu kýtên bị giáng làm ThứSử HàngChâu lại bị đuổi đi làm TưHộ thamquân tại HoanChâu
HVB_001_0091	陈蟠叟为至徳令见懿宗怠荒不视庶政委任路岩岩奢靡颇通赂遗蟠叟上言请破邉咸一家可赡军三年上问咸为谁对曰路岩亲吏上怒流爱州	nuôi quân ba năm Vua hỏi Hàm là ai Thưa rằng là kẻ thân lại của LộNham Vua giận đày ra Ái Tự là CơChi người QuếDương thôi chức TểTướng ra làm TiếtĐộSứ KinhNam Năm Hàm
HVB_001_0092	刘瞻字几之桂阳人罢相为荆南节度使咸通十一年同昌公主薨诏捕留官二十馀人全家繋狱瞻与兆尹温璋力谏言陛下狥爱女囚平民懿宗怒贬瞻为驩州司户璋为驩州司马	Thông thứ ĐồngXương côngchúa chết vua xuống chiếu bắt quan yviện hơn hai mươi người toàn gia hạ ngục Chiêm cùng với KinhTriệuDoãn là ÔnChương cố sức can gián bảo rằng vua quá thương
HVB_001_0093	安南志畧卷十一	An Nam Chí Lược Quyển Đệ Thập Nhất A n N a m C h í L ư ợc
HVB_001_0094	赵氏世家	Gia thế Họ Triệu Người ChơnĐịnh thời nhà Tần trước CôngNguyên làm quan lệnh huyện LongXuyên
HVB_001_0095	胡立闽越击南越胡不敢擅兴兵使人上书汉武帝为兴师讨闽越胡感徳遣太子婴齐入宿卫方日夜装入见其大臣谏曰先王昔言事天子期无失礼不可入见入见则不得归亡国之势也称病竟不入见后十年胡实病甚婴齐请归胡薨谥为文王	Hồ lên làm vua lúc ấy MânViệt đến đánh NamViệt Hồ không dám tự chuyên dấy binh khiến người dâng thư cho Hán VũĐế VũĐế vì Hồ dấy binh đánh MânViệt và khiến NghiêmTrợ qua dụ Hồ
HVB_001_0096	婴齐立即藏先帝玺李邠云藏其僭号玺初婴齐入宿卫在长安取邯郸摎氏女生子兴及嗣位上书请立摎氏为后兴为嗣汉数使人讽谕婴齐固称疾遂不入见遣子次公入侍婴齐薨谥为明王	AnhTề lên làm vua giấu cất ấn ngọc tỷ của tiênđế LýKhanh nói rằng giấu cất ấn ngọc tỷ tiếm hiệu Trước đây lúc AnhTề vào túc vệ ở TrườngAn cưới con gái họ Cù ở đất HàmĐan đẻ con
HVB_001_0097	附宋谏议朱之才南越行之才字师美洛西人崇宁间坐直为四水令见中州集	đầu đặt quan TháiThú Họ Triệu làm vua được năm đời cộng năm Phụ chép bài NamViệtHành của Quan GiánNghị nhà Tống là ChuChiTài
HVB_001_0098	孝武废南越置郡邑设官守歴朝至唐末交爱土豪曲杨矫呉相继簒夺殆五六十载宋初丁部领簒呉太祖封丁氏王爵	Vua HiếuVũ bỏ nước NamViệt chia làm quận ấp đặt quan caitrị trải mấy triều đều noi theo Cuối đời nhà Đường các thổhào châu Giao châu Ái là các họ Khúc Dương Kiểu Ngô nối nhau soán
HVB_001_0099	杨廷艺爱州人也曲颢将刘龚即擒曲承美授廷艺爵命以李进为交州使与梁克正守其城龚谓左右交址民好乱但可羁縻而已明年廷艺果叛举兵围城克正溃走廷艺据其境为矫公羡所杀	Người châu Ái tướng của KhúcHạo Khi LưuNghiễm đã bắt KhúcThừaMỹ rồi phong tước cho ĐìnhNghệ khiến LýTấn làm ThứSử GiaoChâu cùng với LýKhắcChính giữ thành Nghiễm bảo kẻ tả
HVB_001_0100	矫公羡杨廷艺牙将也杀廷艺而代之晋天福二年伪汉大有十年呉权举爱州兵围公羡力屈乞师于刘龚龚以其子万王洪操封为交州节度使统兵往救至白藤江权已杀公羡洪操逐之全军焉	Nhatướng của DươngĐìnhNghệ giết ĐìnhNghệ mà thay thế Niênhiệu ThiênPhúc nhà Tấn năm thứ NgụyHán ĐạiHữu thứ NgôQuyền cử binh ÁiChâu vây CôngTiễn Tiện sức kém
HVB_001_0101	丁氏世家	GiaThế họ Đinh Người động HoaLư GiaoChâu Cha là CôngTrứ làm nhatướng của ĐìnhNghệ Cuối thời Ngũ
HVB_001_0102	丁部领交州华闾洞人父公著为廷艺牙将五代末廷艺廵交州以公著权驩州刺史初呉权矫杀公羡而部领父子归呉氏因遣公著还旧任卒部领继袭及呉昌文卒其下作乱部领与子琏平之领交址事号大胜王私署琏为节度使十年部领卒	Đại ĐìnhNghệ đi trấn GiaoChâu lấy CôngTrứ quyền ThứSử HoanChâu Trước đây NgôQuyền giết KiềuCôngTiện cha con BộLĩnh về với NgôQuyền Quyền nhân khiến CôngTrứ về nhiệm chức cũ Khi
HVB_001_0103	安南志畧卷十一	An Nam Chí Lược Quyển Đệ Thập Nhất GiaThế họ Lê
HVB_001_0104	钦定四库全书	AnNam ChíLược Quyển Đệ Thập Nhất Chung Cửu Kinh tức là Ngũ Kinh và Tứ Thư
HVB_001_0105	安南志畧卷十二	An Nam Chí Lược Quyển Đệ Thập Nhị A n N a m C h í L ư ợc
HVB_001_0106	李氏世家	GiaThế Họ Lý LýCôngUẩn tức LýTháiTổ
HVB_001_0107	日尊立仁宗就降封静海军节度交址郡王嘉佑三年贡异兽白麟英宗即位加同平章事神宗进封南平郡王加开府仪同三司熈宁四年曰尊薨子乾徳遣使告哀	phong NhậtTông chức ĐồngBìnhChươngSự ThầnTông tiến phong tước NamBình quậnvương gia chức KhaiPhủNghiĐồngTamTy Năm HyNinh thứ NhậtTông mất con là CànĐức khiến sứ
HVB_001_0108	乾徳立宋加封用为交址郡王熈宁八年冬十一月交址冦邉钦亷等州命赵卨及内侍李宪讨之	Nhà Tống gia phong làm GiaoChỉ quậnvương Năm HyNinh thứ mùa đông tháng GiaoChỉ cướp biên cảnh đánh hãm mấy châu Khâm Liêm Vua ThầnTông nhà Tống khiến TriệuTiết và
HVB_001_0109	阳焕仁王子也立绍兴二年春三月封交址郡王七年阳焕薨居位七年諡神王	Năm TuyênHoà thứ đời vua HuyTông giaphong chức TưKhông Đầu niên hiệu Tĩnh Khương CànĐức còn mạnh khỏe Năm đầu hiệu ThiệuHưng đời vua CaoTông CànĐức
HVB_001_0110	安南志畧卷十二	An Nam Chí Lược Quyển Đệ Thập Nhị ThiênTộ tức AnhTông
HVB_001_0111	安南志畧卷十三	AnNam ChíLược Quyển Đệ Thập Nhị Chung An Nam Chí Lược Quyển Đệ Thập Tam
HVB_001_0112	陈氏世家	GiaThế Họ Trần Đời thứ nhứt tức TrầnThừa
HVB_001_0113	二世陈阙　交址人李氏外戚也李乱末陈与弟建国击贼有功以为太尉建国为大将军子尚李惠王女昭圣因有国卒追諡太祖二名讳也	Lý kế vị quốcvương ChiêuThánhHậu không con Cảnh lại lấy người em vợ sinh được ba người con trai Đầu đời ThiệuĐịnh nhà Tống khiến sứ tiến cống LýTông phong làm Annam quốc
HVB_001_0114	至元十五年以父老立后表乞诏袭帝不允二十八年遣礼部尚书追号大虗子凢表章进贡必用名至元五年又遣贡	Năm ChíNguyên thứ lấy cớ cha già thoáivị dâng biểu xin kế tập vua không cho Năm thứ vua khiến LễBộ Thượngthư TrươngLậpĐạo dụ vào triều kiến Năm sau
HVB_001_0115	安南志畧卷十三	An Nam Chí Lược Quyển Đệ Thập Tam Đời thứ sáu tức MinhTông
HVB_001_0116	安南志畧卷十四	AnNam ChíLược Quyển Đệ Thập Tam Chung An Nam Chí Lược Quyển Đệ Thập Tứ
HVB_001_0117	丁氏以来始受宋封王爵其国则窃称号名仿赵佗故事自封其国有王侯设官有正有接者类品从也	Từ nhà Đinh trở về sau mới chịu vươngtước của nhà Tống giaphong Nhưng ở trong nước tự đặt danhhiệu bắt chước việc cũ của TriệuĐà tự phong trong nước có vương hầu đặt quan có
HVB_001_0118	方镇上路寨主侯明字为之副寨主俗呼行遣又呼尚书明字大僚为之知州观察察海押狱官镇遏	Thượnglộ trạichủ lấy các quan hầu và Minhtự làm chức ấy Phó trạichủ tục gọi là HànhKhiển hay Thượngthư lấy các quan MinhTự Đạiliêu làm chức
HVB_001_0119	僧官国师僧统僧録僧正大贤官	Tăngquan Chức sắc nhà chùa Đạoquan Chức sắc các thầy pháp
HVB_001_0120	元鼎中南越为内地署官府任歴朝弗变五代乱变交址丁部领即据其地	Trungquốc nhà Hán đặt quan phủ cai trị trải mấy triều không thay đổi Đến đời NgũĐại biến loạn GiaoChỉ ĐinhBộLĩnh bèn cứ quốc xưng vương
HVB_001_0121	宋初丁部领遣贡太祖封部领为交址郡王宋开寳年丁琏袭父位遣郑琇王绍祚江巨瑝贡金帛犀象黎氏遣使	Quậnvương Khoảng niênhiệu KhaiBửu ĐinhLiễn kế tập ngôi cha khiến TrịnhTú Vương ThiệuTộ GiangCựHoàng tiến cống vàng lụa têngưu voi
HVB_001_0122	宋太平兴国五年黎桓簒丁氏遣赵子爱张绍凭贡方物太宗封桓为交址郡王	Nhà Tống năm TháiBìnhHưngquốc thứ LêHoàn cướp ngôi họ Đinh khiến TriệuTử Ái TrươngThiệuBằng cống vật thổsản TháiTông phong Hoàn làm GiaoChỉ Quậnvương
HVB_001_0123	宋景徳元年黎桓遣子黎明提入贡召至便殿劳问之授明提爵三年三月桓卒子龙庭立遣弟黎明与掌书记黄成雅来贡召升殿抚问乆之封龙庭以王爵赐名至忠授明等职名	Nhà Tống hiệu CảnhĐức năm đầu LêHoàn khiến con là LêMinhĐề vào cống Thái Tông vời đến tiệnđiện vũ ủi thăm hỏi và phong tước cho MinhĐế Tháng năm thứ LêHoàn
HVB_001_0124	至元十四年丁丑陈太王薨子立遣大夫周仲彦呉徳劭来贡明年世祖皇帝命礼部尚书柴椿召世子入见以疾不行遣其大夫郑廷瓉杜国计入贡留廷瓉于京师	Năm ĐinhSửu ChíNguyên thứ TrầnTháiVương mất con lên ngôi khiến Đạiphu ChâuTrọngNgạn và NgôĐứcThiệu tiến cống Năm sau ThếTổ HoàngĐế khiến LễBộ ThượngThư Sài
HVB_001_0125	至元庚辰再命柴尚书引杜国计还谕世子惧遣其从叔陈遗爱代入觐黎仲佗副之十九年壬午世子遣大夫黎努邓右来贡	Năm sau triềuđình cho VănHàn làm Trungthuận đạiphu Quihoágianglộ TuyênVũsứ hư hàm Tháng giêng năm ẤtDậu hiệu ChíNguyên quanbinh hạ LaThành ThếTử khiến Tôn
HVB_001_0126	至元丙戌遣大夫阮义全阮徳荣贡朝廷以世子不朝留义全于京师	Năm BínhTuất ChíNguyên khiến đạiphu NguyễnNghĩaToàn và NguyễnĐứcVinh tiến cống Triềuđình vì cớ ThếTử không vào chầu lưu NghĩaToàn lại Kinhsư
HVB_001_0127	至元丁亥遣大夫阮文彦白舎来贡王师再举留文彦等数年放还国	Năm ĐinhHợi ChíNguyên khiến Đạiphu NguyễnVănNgạn và BạchXá vào cống gặp lúc triềuđình lại cử binh đi đánh lưu bọn VănNgạn ở lại vài năm sau tha cho về nước
HVB_001_0128	至元戊子春镇南王班师世子遣近侍官朱修改可容贡方物谢罪	Năm KỷSửu ChíNguyên khiến Đạiphu ĐàmChúng vào cống năm sau ThếTử mất Năm TânMão ChíNguyên ThếTử TrầnNhânTông khiến Đạiphu NghiêmTrọngDuy
HVB_001_0129	至大乙酉世子遣大夫童应诏谢大董来贡至大乙亥遣大夫黎仁杰武子班贡	Năm GiápThìn ĐạiĐức khiến ĐạiPhu NguyễnNhượcChuyết và TôHân vào cống Năm BínhNgọ ĐạiĐức khiến Đạiphu PhíMộcĐạc và LêNguyênTông vào cống
HVB_001_0130	皇庆二年遣大夫阮文琰黎时髦贡贺仁宗皇帝即位延佑元年甲寅遣大夫邓国用呉元老贡	Năm TânHợi ChíĐại khiến ĐạiPhu LêNhânKiệt và VõTửBan vào cống Năm HoàngKhánh thứ khiến đạiphu NguyễnVănDiệm và LêThờiMạo vào cống
HVB_001_0131	钦定四库全书	AnNam ChíLược Quyển Đệ Thập Tứ Chung An Nam Chí Lược Quyển Đệ Thập Ngũ
HVB_001_0132	杜瑗字道言朱鸢人或云夲属京兆祖元守合浦因居交址东晋末为日南九真太守斩前守李逊州境获宁帝拜龙骧将军交州刺史卢循据广州遣使通好瑗斩其使	và quận CửuChân Viện chém quan TháiThú trước là LýTốn trong quận được yên vua phong chức LongNhương tướngquân ThứSử GiaoChâu Khi LưTuần chiếm cứ QuảngChâu khiến sứ đến thông
HVB_001_0133	陈览李圣王近侍官也王构阁江中听草堂国师法览藏身筏下窃听王觉欲以枪捘鏦之师止曰彼亦有縁毋庸杀也即授览以水法王逰海道命览掌膳以食器投空中凡至泊所器即涌舟侧取供膳王又托令具巨木览一夕至百株乃命匠断木流血入水去	Quan cậnthị của LýThánhVương Vương làm nhà gác ở giữa sông để nghe ThảoĐường Quốc Sư truyền pháp Lãm nép mình dưới bè nghe trộm Vua biết được muốn lấy cây thương đâm Lãm Sư
HVB_001_0134	陈普太王用为左藏迁翰长尝作越志黎秦爱州人温恭博学太王用为翰长丁巳冬随王拒乌兰哈达兵败与王并马驰至获具反树有范具只领兵救王官兵杀具只太王走免至冷美津才登舟骑兵追至乱射王秦以舟板翼之仅免以功封秦为保文侯入内判首	Tỵ theo Vương chống NgộtLương HợpThai binh bại cùng Vương giong ngựa chạy đến PhạmGia Bảo gặp có PhạmCụChích đem binh đến cứu quanbinh giết CụChích TháiVương chạy khỏi đến bến
HVB_001_0135	徴侧交址麊泠县雒将女也其夫诗索朱鸢县雒将男也后汉太守苏定以法绳之侧怒与妹徴贰反攻畧六十五城自主为王马援斩之	Con gái của LạcTướng huyện MyLinh quận GiaoChỉ Chồng là ThiSách con trai của Lạc Tướng huyện ChuDiên bị TháiThú đời HậuHán là TôĐịnh dùng phápluật trị tội Trắc oán cùng em
HVB_001_0136	赵妪九真军宁县女子少不嫁乳长三尺置于背外著金拓齿履乗象头与敌战居山中聚党为盗交州刺史陆裔诛之	gái là TrưngNhị làm phản đánh chiếm thành tự lập làm vua kế bị MãViện chém Con gái ở huyện QuânNinh quận CửuChân lúc trẻ không lấy chồng vú dài ba thước vắt ra
HVB_001_0137	杨清交州人唐开元间为驩州刺史都李象右忌之召为牙将郁郁思乱黄家同叛象右授清兵助讨清与男志烈还袭象右寻为杜仲武斩之	Châu VạnNhai đều phục tòng GiaoChỉ Ngày nọ ToànPhúc giết ToànLộc và chiếm luôn châutrị Lý TháiVương giận cử binh bắt ToànPhúc và con là TríThông đem về Vợ ToànPhúc là ẢNùng lấy người
HVB_001_0138	任延云田种白谷五月作十月登赤谷十二月作四月登所谓国税两熟之稻乡贡八蚕之绵麻粟地狭种籼二麦无之蚕桑	NhâmDiên nói rằng ruộng giồng lúa trắng tháng cấy tháng gặt lúa đỏ tháng chạp cấy tháng gặt Bởi thế người ta thường bảo rằng Nước thâu thuế ruộng hai mùa làng cống tơ tằm tám
HVB_001_0139	刘欣期交州记一歳八蚕蚕出日南桑则大小二种小桑孟春培之枝叶繁茂自三月至八月皆养蚕盐	Sách GiaoChâu ký của LưuHânKỳ chép một năm tám lứa tằm tằm sản xuất ở NhậtNam dâu thì có lớn nhỏ hai giống giống dâu nhỏ trồng về tháng giêng cành lá sua sê Từ tháng ba đến tháng
HVB_001_0140	富良广源等州虽産金银而采金户苦其役纳不足则买诸他州输之明珠	Hoàng bạchkim vàng và bạc Các Châu PhúLương QuảngNguyên sản xuất vàng bạc nhưng các người tìm vàng tìm bạc
HVB_001_0141	中州载麒麟紫草乃蚁之所造如蜂作蜜紫草色赤面黄似松枝交州志紫草与血竭俱出于交而非一物明矣夲草云二物主五脏邪气止痛破血愈金疮	Sách TrungChâu chép Kỳlân tửthảo do kiến tạo ra cũng như ong làm ra mật vậy TửThảo sắc đỏ mà vàng giống tùngchi GiaoChâuChí chép rằng TửThảo và huyếtkiệt đều sản xuất ở Giao
HVB_001_0142	古载出谅州古都县味苦难为饮薏苡	Rau đắng sách xưa chép sảnxuất ở huyện CổĐô thuộc LượngChâu vị đắng khó uống ÝDĩ Hạt bobo
HVB_001_0143	夲州髙凉交州亦有之雷州産者佳江左曰杜若味大温治积冷腹痛锉末炒米饮调服霍乱吐用五两重煨熟击碎净洗入酒一升煮三五沸服之立效益声气好顔色豪家煎汤饮之黄姜	thổtả hoắc loạn dùng CaoLươngCương năm lượng nướng chín đập dập rửa sạch đổ vào một thăng rượu đun sôi năm ba lần uống vào kiến hiệu tức khắc Uống CaoLươngCương thì thanhkhí tăng thêm
HVB_001_0144	刘欣期交州记犀毛如豕头有三角鼻上角短额上角长异物志角中时有光耀白理如线自末达夲为通天犀	Sách GiaoChâuKý của LưuHânKỳ chép lông têngưu giống lông heo đầu có ba sừng sừng trên mũi ngắn hai sừng trên trán một dài một ngắn DiVậtChí nói rằng trong sừng thường có
HVB_001_0145	交州记出九徳生一角长二尺汉灵时九真献竒兽至元间安南尝贡焉白鹿	GiaoChâuKý chép rằng Bò tót sản xuất ở quận CửuĐức có một sừng dài hai thước Thời Hán LinhĐế CửuChân dâng bò tót cho là con thú lạ Khoảng niên hiệu ChíNguyên
HVB_001_0146	晋元康初白鹿见交址武宁县宋文帝元嘉末交址献白鹿潜水牛	Đời Tấn đầu niênhiệu NguyênKhương có con hươu trắng xuất hiện ở huyện Vũ Ninh quận GiaoChỉ Đời Tống VănĐế cuối niênhiệu NguyênGia GiaoChỉ đem dâng hươu trắng
HVB_001_0147	交州记勾漏县有潜水牛上岸则角软入水则复坚猩猩	TiềmThủyNgưu trâu lặn dưới nước GiaoChâuKý chép răằng tại huyện CâuLậu có giống trâu lặn ở dưới nước lên bộ thì sừng
HVB_001_0148	郭璞云出交州山中状如人面长背黒身有毛及踵也被髪迅走食人见人则笑左思云佛佛笑而被格者蚁子盐醢	QuáchPhác nói rằng Đườiươi sảnxuất trong miền núi GiaoChâu hình dáng giống người lưng dài mình đen có lông đến gót chân xỏa tóc chạy mau ăn thịt người thấy người thì cười TảTư nói
HVB_001_0149	安南志畧卷十五	AnNam ChíLược Quyển Đệ Thập Ngũ Chung An Nam Chí Lược Quyển Đệ Thập Lục
HVB_001_0150	安南桂管等官身及家口赴任给传乘一品马十匹驴十头　　　二品马九匹驴九头三品马八匹驴八头　　　四品五品马四匹驴四头六品七品马二匹驴二头　八品九品马一匹驴一头口少者准见口给之	Lục phẩm thất phẩm ngựa con lừa con Bát phẩm cửu phẩm ngựa con lừa con
HVB_001_0151	大元延佑七年海南穷民掠百姓女子入安南鬻为婢国王闻之遣人擒获追其元鬻人口遣使送还海北海南元帅府	Năm DiênHựu thứ nhà ĐạiNguyên dân bần cùng ở HảiNam bắt con gái của dân chúng đem vào Annam bán làm con ở Quốcchủ nghe việc ấy khiến người theo bắt được bọn cướp
HVB_001_0152	老母越南垂白髪病妻燕北待黄昏蛮烟瘴雨交州客三处相思一梦魂	Mẹ già NamViệt phơ đầu bạc Vợ ốm BắcYên đợi bóng tà
HVB_001_0153	赠世子太虚子	Tặng ThếTử TháiHưTử VănChương ThếTử nổi tinhthần
HVB_001_0154	翰林学士胡祗遹绍闻	Tô Vũ sứ Hung Nô Trương Khiên sứ Tây Vức
HVB_001_0155	王希贤	Đường Vương Bột đi qua Nam Việt Giang thần thần ở sông biết Bột có kỳ tài giúp một đêm gió cho mau tới để làm bài tựa Đằng Vương Các
HVB_001_0156	东浙生民望紫翁紫翁心事与天同好将一卷交州稿刻在天台雁荡中	ĐôngChiết sinhdân đợi TửÔng TửÔng tâmsự với trời thông
HVB_001_0157	赠天使张显卿使还	Tặng Thiênsứ TrươngHiểnKhánh đi sứ về Gió đưa hồn mộng đến GiaoChâu
HVB_001_0158	四世陈仁王竹林道士四首	An Nam Chí Lược Quyển Đệ Thập Bát Ứng đối tứ phương thi thuộc làu
HVB_001_0159	柘枝舞罢试春衫况値今朝三月三红雪雕盘春菜饼从来风俗旧安南	TrầnNhânVương tứ thế TrúcLâm ĐạiSĩ biếu Thiênsứ TrươngHiểnKhánh bánh Thôi múa cành dâu thử áo xuân
HVB_001_0160	老国叔昭明王乐道先生二首赠天使柴荘卿李振等	Lão Quốcthúc ChiêuMinhVương LạcĐạo TiênSinh Hai bài Bài I Tặng Thiênsứ bọn SàiTrangKhanh và LýChấn
HVB_001_0161	侍宴皇庆初元	Chầu ăn yến năm đầu HoàngKhánh Thềm vàng nghitrượng giục ban mai
HVB_001_0162	安南志畧卷十九	An Nam Chí Lược Quyển Đệ Thập Cửu A n N a m C h í L ư ợc
HVB_001_0163	安南志畧卷二十	Lời bạt của Tiền Đại Hân An Nam Chí Lược Quyển Đệ Thập Cửu
